UDI,Product ID,Type,Air temperature [K],Process temperature [K],Rotational speed [rpm],Torque [Nm],Tool wear [min],Machine failure,TWF,HDF,PWF,OSF,RNF
10801,L55212,L,300.8,312.0,1416,58.03322093033966,139,0,0,0,0,0,0
10802,M17283,M,298.9,308.2,2022,27.06702144128025,171,0,0,0,0,0,0
10803,L51066,L,302.4,311.3,1392,64.79075037106851,184,0,0,0,0,0,0
10804,M16463,M,297.8,307.8,1622,42.30251801952787,149,1,0,0,0,0,0
10805,L53126,L,300.7,310.8,1496,62.218312517504316,201,0,0,0,0,0,0
10806,M21630,M,301.3,310.8,1509,56.44704177673021,173,0,0,0,0,0,0
10807,L49387,L,299.8,309.2,1591,52.18255791953935,239,0,0,0,0,0,0
10808,L50243,L,300.0,309.1,1431,60.98470969901832,207,0,0,0,0,0,0
10809,L52442,L,303.4,312.8,1449,61.61045574574639,190,0,0,0,0,0,0
10810,L54319,L,300.6,310.1,1495,59.647966503373205,228,0,0,0,0,0,0
10811,M17417,M,299.4,309.1,1440,63.59207982563242,248,0,0,0,0,0,0
10812,M21371,M,301.2,310.1,2280,20.099745281541836,132,0,0,0,0,0,0
10813,L50236,L,300.2,309.2,1667,38.26814688156385,183,0,0,0,0,0,0
10814,L48362,L,297.3,308.3,1410,60.68920096170808,120,0,0,0,0,0,0
10815,M24678,M,298.6,309.4,1407,56.42810835497583,264,0,0,0,0,0,0
10816,M22785,M,300.7,311.9,1697,39.26406557637455,314,0,0,0,0,0,0
10817,H30046,H,298.3,310.0,1419,63.70187247625004,221,1,0,0,0,0,0
10818,L49712,L,298.9,308.7,1389,60.34494430149334,194,0,0,0,0,0,0
10819,L55331,L,299.5,310.7,1472,55.085041026239,212,0,0,0,0,0,0
10820,L48501,L,298.9,310.2,1362,66.7623032480689,296,0,0,0,0,0,0
10821,M20244,M,302.9,312.4,1421,57.589984601816106,339,0,0,0,0,0,0
10822,L48876,L,297.9,307.6,1550,52.53504570402599,138,0,0,0,0,0,0
10823,L49228,L,299.3,309.2,1465,53.66529892623122,247,0,0,0,0,0,0
10824,M17042,M,299.5,309.2,1314,86.3800155390712,153,0,0,0,0,0,0
10825,M23917,M,297.3,308.4,1686,49.82804303507274,197,0,0,0,0,0,0
10826,M23008,M,299.5,310.7,1488,55.387419163320104,213,0,0,0,0,0,0
10827,L54990,L,300.1,311.5,2218,22.650376703998553,247,0,0,0,0,0,0
10828,M18347,M,301.8,310.8,1508,51.22258456162277,239,0,0,0,0,0,0
10829,M24320,M,298.4,309.2,1399,57.90298743504139,238,0,0,0,0,0,0
10830,L48392,L,296.9,307.9,1359,73.29365119174952,237,0,0,0,0,0,0
10831,L48916,L,298.4,307.9,1544,47.85960914938328,245,0,0,0,0,0,0
10832,L55912,L,297.2,308.6,1864,30.858702146157167,229,0,0,0,0,0,0
10833,H37729,H,298.7,309.8,1422,53.67844232357573,174,0,0,0,0,0,0
10834,M21924,M,300.8,310.5,1696,35.999497516312736,264,0,0,0,0,0,0
10835,M20326,M,302.9,312.3,1426,63.628082806964194,301,0,0,0,0,0,0
10836,L57149,L,298.4,308.1,1491,66.21219463247007,261,0,0,0,0,0,0
10837,L55123,L,300.8,311.7,1753,42.190937767494894,123,0,0,0,0,0,0
10838,L50447,L,301.3,310.0,1550,55.66620466338496,335,0,0,0,0,0,0
10839,L49523,L,299.1,308.3,1305,80.3284206692361,136,0,0,0,0,0,0
10840,M22250,M,299.7,310.5,1490,55.037301819813564,239,0,0,0,0,0,0
10841,L51359,L,302.4,310.9,1349,62.61189218964206,241,0,0,1,0,0,0
10842,L49354,L,299.6,309.2,1572,43.36423262855288,153,0,0,0,0,0,0
10843,M15294,M,297.5,308.5,1484,58.079350195321744,149,0,0,0,0,0,0
10844,L54064,L,300.8,311.2,1492,48.87505166918688,221,0,0,0,0,0,0
10845,L54990,L,300.1,311.5,2218,23.358060170767796,236,0,0,0,0,0,0
10846,L54471,L,300.2,310.5,1416,63.41595381343697,240,0,0,0,0,0,0
10847,L52006,L,303.4,311.8,2268,20.20660964252353,161,0,0,0,0,0,0
10848,M16711,M,297.7,307.3,1365,59.778281038389615,136,0,0,0,0,0,0
10849,L49585,L,299.1,308.7,1498,53.569516900444,289,0,0,0,0,0,0
10850,L48117,L,295.6,306.2,1263,77.95216363695144,157,0,0,0,0,0,0
10851,L50821,L,302.3,311.6,1488,57.502059752712555,173,0,0,0,0,0,0
10852,H31770,H,299.3,308.6,1498,51.06807546453851,141,1,0,0,0,0,0
10853,L47875,L,297.6,309.0,1487,63.807645363546776,197,0,0,0,0,0,0
10854,L54788,L,300.5,311.4,1642,34.48458242990842,153,0,0,0,0,0,0
10855,L57071,L,298.8,309.5,1374,66.25780782981947,261,0,0,0,0,0,0
10856,L50661,L,302.0,310.9,1663,42.54917457241868,169,0,0,0,0,0,0
10857,M24145,M,298.2,309.0,1410,57.832022695886145,211,0,0,0,0,0,0
10858,L54693,L,300.4,311.8,2261,20.15413187539143,99,0,0,0,0,0,0
10859,M24057,M,297.9,308.8,1469,69.40197151457343,170,1,0,0,0,0,0
10860,L56242,L,297.2,308.3,1576,48.78575006644616,227,0,0,0,0,0,0
10861,L55496,L,298.8,309.8,1463,51.97581963114444,217,0,0,0,0,0,0
10862,H30941,H,298.1,309.1,1425,63.23321095308608,197,0,0,0,0,0,0
10863,M23255,M,298.5,309.5,1483,53.52833380158879,234,1,0,0,0,0,0
10864,L47915,L,296.9,308.4,1557,44.13184949028358,301,0,0,0,0,0,0
10865,L54168,L,300.7,311.1,1478,55.559577068076344,252,0,0,0,0,0,0
10866,L50373,L,300.0,309.1,1401,55.08027005381685,147,0,0,0,0,0,0
10867,L50763,L,301.8,310.7,1751,40.54859135628593,252,0,0,0,0,0,0
10868,M16922,M,299.7,309.6,1477,57.63935128478243,300,0,0,0,0,0,0
10869,L54168,L,300.7,311.1,1478,57.66915430862706,284,0,0,0,0,0,0
10870,L54202,L,300.7,310.5,1561,40.59502668186523,156,0,0,0,0,0,0
10871,L50381,L,300.2,309.1,1479,69.98367300511312,146,0,0,0,0,0,0
10872,M24818,M,298.1,307.8,1525,44.7984231983733,251,0,0,0,0,0,0
10873,L50999,L,302.2,310.7,1567,47.63132902448521,219,0,0,0,0,0,0
10874,L50064,L,300.6,309.6,1409,52.073158301734814,203,1,0,0,0,0,0
10875,M20394,M,302.3,311.7,1494,45.94861891103934,223,0,0,0,0,0,0
10876,L51517,L,301.6,309.9,1440,56.52884100645569,253,0,0,0,0,0,0
10877,L53539,L,300.1,309.8,1430,72.208189801085,144,0,0,0,0,0,0
10878,L56910,L,298.8,310.0,1528,48.77618141552899,257,0,0,0,0,0,0
10879,L48916,L,298.4,307.9,1544,49.904146217303605,217,0,0,0,0,0,0
10880,M15218,M,297.6,308.3,1467,53.52054703832254,191,0,0,0,0,0,0
10881,L54624,L,300.2,311.7,1286,67.84244805127383,161,0,0,0,0,0,0
10882,M15566,M,297.8,309.0,1434,58.421311448323436,241,0,0,0,0,0,0
10883,H31956,H,299.2,308.9,1712,31.59474132552285,212,0,0,0,0,0,0
10884,M24463,M,298.9,310.1,1549,49.93577179203742,157,0,0,0,0,0,0
10885,L55344,L,299.6,310.9,1472,52.365428352078546,243,0,0,0,0,0,0
10886,L47397,L,298.3,308.5,1664,44.010972725280496,235,0,0,0,0,0,0
10887,H29742,H,297.6,308.4,1703,42.82849922401095,336,0,0,0,0,0,0
10888,L51540,L,302.1,310.1,1543,51.10542996718857,277,0,0,0,0,0,0
10889,L47397,L,298.3,308.5,1664,40.1293589500245,237,0,0,0,0,0,0
10890,H38389,H,296.7,307.4,1661,41.3493099644342,248,1,0,0,0,0,0
10891,M15675,M,296.8,307.5,1516,44.00463379578971,236,0,0,0,0,0,0
10892,L47257,L,298.8,308.9,1455,58.95733714372625,337,0,1,0,0,0,0
10893,L53641,L,300.6,310.0,1505,44.668533450604684,219,0,0,0,0,0,0
10894,L50314,L,300.2,309.6,1359,72.3338450929585,205,0,0,0,0,0,0
10895,M19443,M,302.9,311.2,1467,49.88119470861274,211,0,0,0,0,0,0
10896,H34202,H,303.7,312.6,1514,45.76061165058986,237,0,0,0,0,0,0
10897,L52255,L,304.1,313.2,1366,62.13204494979183,142,0,0,0,0,0,0
10898,M21997,M,300.6,310.0,1486,56.09336600573144,245,0,0,0,0,0,0
10899,L53191,L,300.8,310.8,1564,52.00006904007063,160,0,0,0,0,0,0
10900,L48722,L,298.3,308.9,1379,69.8240007905586,205,0,0,0,0,0,0
10901,H38752,H,298.5,309.0,1531,43.94403282189819,327,0,0,0,0,0,0
10902,L50661,L,302.0,310.9,1663,43.23745667785399,175,0,0,0,0,0,0
10903,M18431,M,301.7,310.6,1691,31.84101980106028,254,0,0,0,0,0,0
10904,H32781,H,301.5,310.7,1790,36.46476756414128,126,0,0,0,0,0,0
10905,L55269,L,300.1,311.3,1676,41.74178632594122,273,0,0,0,0,0,0
10906,L56349,L,297.7,308.8,1896,32.33103532361015,295,0,0,0,0,0,0
10907,M20853,M,300.7,310.6,1407,59.16329835173868,335,0,0,0,0,0,0
10908,M19873,M,303.8,312.9,1594,44.70717398487422,176,0,0,0,0,0,0
10909,M24584,M,298.8,309.7,2098,26.54955429903965,266,0,0,0,0,0,0
10910,L55717,L,298.6,309.5,1730,37.8052999588092,135,0,0,0,0,0,0
10911,L54788,L,300.5,311.4,1642,36.79313489567775,161,0,0,0,0,0,0
10912,H31956,H,299.2,308.9,1712,35.00277375551202,234,0,0,0,0,0,0
10913,L48770,L,298.2,308.4,1497,47.530191110630234,332,0,0,0,0,0,0
10914,L54471,L,300.2,310.5,1416,67.07208696803717,209,0,0,0,0,0,0
10915,M24584,M,298.8,309.7,2098,24.21159927435065,278,0,0,0,0,0,0
10916,L52306,L,304.3,313.5,1802,34.386003192758444,287,0,0,0,0,0,0
10917,M19282,M,302.6,310.2,2157,23.198377969182232,208,0,0,0,0,0,0
10918,L47814,L,298.3,309.9,1507,54.88138995101246,264,0,0,0,0,0,0
10919,L51927,L,303.3,311.2,1763,37.40296809520773,143,0,0,0,0,0,0
10920,L48667,L,298.2,309.1,1429,67.42627499737954,283,0,0,0,0,0,0
10921,H30046,H,298.3,310.0,1419,63.64739572184367,192,1,0,0,0,0,0
10922,L47743,L,297.7,309.6,1529,49.00828419383297,276,1,0,0,0,0,0
10923,M23853,M,297.2,307.9,1632,48.82668414343403,270,0,0,0,0,0,0
10924,M16506,M,297.9,307.7,1527,59.70696429336777,222,0,0,0,0,0,0
10925,L49042,L,297.9,307.7,1517,62.42234210960718,188,0,0,0,0,0,0
10926,L55650,L,298.7,309.9,1464,48.806799341729835,202,0,0,0,0,0,0
10927,L52638,L,303.1,312.6,1514,54.01439988948947,275,1,0,0,0,0,0
10928,L54365,L,300.3,310.4,1672,41.4694686494633,138,0,0,0,0,0,0
10929,L49585,L,299.1,308.7,1498,49.04191180332409,276,0,0,0,0,0,0
10930,L53900,L,301.3,310.6,1458,64.39412369869885,212,0,0,0,0,0,0
10931,L57173,L,298.8,308.4,1401,60.521871694829834,147,0,0,0,0,0,0
10932,M18032,M,300.3,309.6,1488,58.114017485107354,320,0,0,0,0,0,0
10933,L47743,L,297.7,309.6,1529,48.622369116779744,279,1,0,0,0,0,0
10934,L49694,L,298.9,308.6,2069,26.10158128603593,114,1,0,0,0,0,0
10935,H37019,H,300.4,311.3,2026,25.458838605952174,164,0,0,0,0,0,0
10936,L50419,L,301.0,309.5,1430,66.91089382387683,239,0,0,0,0,0,0
10937,M20783,M,300.4,310.3,1537,48.74325116564635,139,1,0,0,0,0,0
10938,H35327,H,300.7,310.2,1479,66.32300500781223,128,0,0,0,0,0,0
10939,M17796,M,300.9,309.7,1394,65.70587690799493,296,0,0,0,0,0,0
10940,M20475,M,303.0,312.2,1257,98.46907495173834,215,0,0,0,1,0,0
10941,H31956,H,299.2,308.9,1712,33.076714176223724,207,0,0,0,0,0,0
10942,L51646,L,302.8,310.6,1470,48.56484057324514,335,0,0,0,0,0,0
10943,L49042,L,297.9,307.7,1517,59.99524036778366,214,0,0,0,0,0,0
10944,M23716,M,297.7,308.9,1327,84.82831352604502,143,0,0,0,0,0,0
10945,H34318,H,303.6,312.4,1480,60.15462216950974,106,0,0,0,0,0,0
10946,L49014,L,297.8,307.2,1498,48.16680186268681,319,0,0,0,0,0,0
10947,H33908,H,302.6,310.4,1649,38.02987252079588,167,0,0,0,0,0,0
10948,M17655,M,300.3,309.5,1405,68.32896639689642,180,0,0,0,0,0,0
10949,H33815,H,302.2,310.0,1468,54.98947120355952,159,0,0,0,0,0,0
10950,L56538,L,298.2,308.7,1407,54.511106504195105,153,0,0,0,0,0,0
10951,L49760,L,299.3,309.1,1293,67.86650074777013,329,0,0,0,0,0,0
10952,M15780,M,295.5,305.9,1518,61.27608972026519,279,0,0,0,0,0,0
10953,L48990,L,298.1,307.6,1364,75.2420922673005,245,0,0,0,0,0,0
10954,M23821,M,297.3,308.0,1403,56.22715176923743,198,1,0,0,0,0,0
10955,L57172,L,298.8,308.4,1484,47.5870828274107,127,0,0,0,0,0,0
10956,L54495,L,299.9,310.4,1470,76.34596992632858,263,1,0,0,0,0,0
10957,L54622,L,300.0,311.5,1601,49.83297272329865,170,0,0,0,0,0,0
10958,L48148,L,295.9,306.7,1547,52.29003314495407,247,0,0,0,0,0,0
10959,L47396,L,298.3,308.6,1499,57.890243855489445,263,0,0,0,0,0,0
10960,L53142,L,300.5,310.8,1728,33.821868520438485,228,0,0,0,0,0,0
10961,M18543,M,302.0,311.2,1558,50.43650366527777,311,0,0,0,0,0,0
10962,L50314,L,300.2,309.6,1359,66.20156614068702,197,0,0,0,0,0,0
10963,M21028,M,300.7,310.6,1778,33.30904980076757,308,0,0,0,0,0,0
10964,L49387,L,299.8,309.2,1591,50.099334323725365,219,0,0,0,0,0,0
10965,L55350,L,299.9,311.3,1522,61.06869032471607,266,0,0,0,0,0,0
10966,M21877,M,300.7,310.6,1474,53.35746783213069,188,0,0,0,0,0,0
10967,M23917,M,297.3,308.4,1686,49.11968834786196,210,0,0,0,0,0,0
10968,M23665,M,297.4,308.6,1469,60.639585352141815,184,0,0,0,0,0,0
10969,L54622,L,300.0,311.5,1601,49.621233020814294,180,0,0,0,0,0,0
10970,H33908,H,302.6,310.4,1649,39.936011568102444,195,0,0,0,0,0,0
10971,L57121,L,298.4,308.1,1395,55.91556949914909,179,0,0,0,0,0,0
10972,L47264,L,298.9,308.9,1422,68.79704887907782,148,0,0,0,0,0,0
10973,L49484,L,299.1,308.5,1455,47.71663203379131,267,0,0,0,0,0,0
10974,M15717,M,296.1,307.1,1350,69.12176088515558,141,0,0,0,0,0,0
10975,M16552,M,298.1,307.6,1764,36.566771289906605,136,0,0,0,0,0,0
10976,L48544,L,298.7,310.2,1566,45.353296533914325,210,0,0,0,0,0,0
10977,M23824,M,297.2,307.9,1456,66.06097292814839,225,1,0,0,0,0,0
10978,L50237,L,300.1,309.1,1400,65.1513648601758,220,0,0,0,0,0,0
10979,L50655,L,301.8,310.7,1644,43.6634828382476,213,0,0,0,0,0,0
10980,L51759,L,303.0,311.2,1374,59.45634994737818,192,0,0,1,0,0,0
10981,M17080,M,299.6,309.0,1736,32.06657069839256,241,0,0,0,0,0,0
10982,H38675,H,298.3,309.0,1470,48.63187273086699,130,0,0,0,0,0,0
10983,M23199,M,298.8,309.7,1499,56.070572808882915,281,0,0,0,0,0,0
10984,M23665,M,297.4,308.6,1469,58.83564624969948,200,0,0,0,0,0,0
10985,M24281,M,298.1,308.5,1382,69.96607893794277,123,0,0,0,0,0,0
10986,L53134,L,300.8,310.9,1732,33.8434752244023,217,0,0,0,0,0,0
10987,M19582,M,303.4,311.8,1391,61.29745621964391,301,0,0,0,0,0,0
10988,H36750,H,299.9,310.5,1549,54.32847658881648,326,0,0,0,0,0,0
10989,L54642,L,300.0,311.3,1703,37.61810214918872,187,0,0,0,0,0,0
10990,L55598,L,298.9,310.2,1971,30.06409790676573,260,0,0,0,0,0,0
10991,L51675,L,302.6,310.4,1359,73.05933589782616,155,0,0,1,0,0,0
10992,H39303,H,298.8,309.6,1516,55.07280333160928,289,0,0,0,0,0,0
10993,M16463,M,297.8,307.8,1622,41.21066835079589,135,1,0,0,0,0,0
10994,M20390,M,302.3,311.8,1355,61.73076451042199,198,0,0,0,0,0,0
10995,M17596,M,299.7,309.1,1576,47.1339847091179,248,1,0,0,0,0,0
10996,L54693,L,300.4,311.8,2261,20.002992871413262,133,0,0,0,0,0,0
10997,M23199,M,298.8,309.7,1499,55.38389620631444,279,0,0,0,0,0,0
10998,L49800,L,299.4,309.2,1556,42.87764715645402,195,0,0,0,0,0,0
10999,M19662,M,303.5,312.4,1318,78.09083215555249,274,0,0,0,0,0,0
11000,M24281,M,298.1,308.5,1382,72.93387571213658,110,0,0,0,0,0,0
11001,L50207,L,300.5,309.5,1777,29.161987745424035,119,1,0,0,0,0,0
11002,M14860,M,298.1,308.6,1551,60.16662504417485,116,0,0,0,0,0,0
11003,L55269,L,300.1,311.3,1676,42.88617122204462,276,0,0,0,0,0,0
11004,M15838,M,296.2,306.8,1526,54.69455436319648,269,0,0,0,0,0,0
11005,L54259,L,300.7,310.5,1445,57.35050154062782,318,0,0,0,0,0,0
11006,L48812,L,297.9,307.9,1426,53.29283390662495,219,0,0,0,0,0,0
11007,M24596,M,298.9,310.0,1348,80.12939109850177,269,0,0,0,0,0,0
11008,L57121,L,298.4,308.1,1395,52.39451705516315,214,0,0,0,0,0,0
11009,M22752,M,300.9,312.6,1555,50.37468297998718,237,0,0,0,0,0,0
11010,M19016,M,302.0,310.5,1823,30.485327625043755,207,0,0,0,0,0,0
11011,L50651,L,301.8,310.7,1441,67.82764351144111,161,0,0,0,0,0,0
11012,L53605,L,300.3,309.9,1393,78.1233422909036,129,0,0,0,0,0,0
11013,L50095,L,300.5,309.5,1255,79.49989208804644,238,0,0,0,0,0,0
11014,L48750,L,298.2,308.4,1452,52.553366902392945,309,0,0,0,0,0,0
11015,M18519,M,302.2,311.5,1734,33.50647323697053,250,0,0,0,0,0,0
11016,M17283,M,298.9,308.2,2022,25.977270508164406,145,0,0,0,0,0,0
11017,L49478,L,299.3,308.6,1482,55.08893819438062,244,0,0,0,0,0,0
11018,L52108,L,303.5,312.3,1584,47.445569966992586,184,0,0,0,0,0,0
11019,H30851,H,298.8,309.9,1439,59.840373518200046,136,0,0,0,0,0,0
11020,L54018,L,301.1,311.1,1570,55.33291823374961,332,0,0,0,0,0,0
11021,L48714,L,298.0,308.8,1757,34.36882544609611,190,0,0,0,0,0,0
11022,L55496,L,298.8,309.8,1463,53.92505579793342,199,0,0,0,0,0,0
11023,L52665,L,302.6,312.1,1344,69.84799059746432,334,0,0,0,0,0,0
11024,L55598,L,298.9,310.2,1971,30.234514597761375,263,0,0,0,0,0,0
11025,L56180,L,297.0,307.9,1493,59.529059102391706,298,0,0,0,0,0,0
11026,L52222,L,304.1,313.2,1569,49.72477734492379,253,0,0,0,0,0,0
11027,L51513,L,301.6,309.8,1588,45.80144069682897,232,0,0,0,0,0,0
11028,L51318,L,301.7,310.2,1311,74.54703196698027,170,1,0,1,0,0,0
11029,L56349,L,297.7,308.8,1896,34.75721423280377,318,0,0,0,0,0,0
11030,L49044,L,297.9,307.7,1546,44.014724608485864,199,0,0,0,0,0,0
11031,L55717,L,298.6,309.5,1730,38.30133081202833,171,0,0,0,0,0,0
11032,L47654,L,297.4,309.1,1478,58.66163815981348,267,0,0,0,0,0,0
11033,L48916,L,298.4,307.9,1544,45.58207169121834,223,0,0,0,0,0,0
11034,L50781,L,301.7,310.5,1377,64.03742564281275,313,0,0,0,0,0,0
11035,L54349,L,300.3,310.2,1492,65.50679995802143,116,0,0,0,0,0,0
11036,M20599,M,302.2,311.7,1653,43.114530050542776,152,0,0,0,0,0,0
11037,L55701,L,298.4,309.5,1376,67.03230400747297,332,0,0,0,0,0,0
11038,L51247,L,301.9,310.7,1429,67.92680050654309,197,0,0,0,0,0,0
11039,L49858,L,299.8,309.6,1447,59.46967227495823,124,1,0,0,0,0,0
11040,L53104,L,300.3,310.2,1369,68.41382149100879,185,0,0,0,0,0,0
11041,M17080,M,299.6,309.0,1736,31.70978125683711,257,0,0,0,0,0,0
11042,L47770,L,297.5,309.4,1517,53.14642845809773,347,0,0,0,0,0,0
11043,L48050,L,295.8,306.4,1325,67.367720938628,197,0,0,0,0,0,0
11044,L53210,L,300.6,310.7,1397,72.32832081320129,203,0,0,0,0,0,0
11045,L52125,L,303.6,312.7,1418,56.95621403170424,241,1,0,0,0,0,0
11046,M19960,M,304.2,313.5,1437,55.75872655960136,212,0,0,0,0,0,0
11047,L56276,L,297.2,308.1,1712,42.623295363822955,323,0,0,0,0,0,0
11048,M21066,M,300.8,310.6,1669,36.129987608864894,196,0,0,0,0,0,0
11049,M23008,M,299.5,310.7,1488,50.984143041286636,213,0,0,0,0,0,0
11050,M15399,M,297.4,309.3,1775,32.51827178549959,210,0,0,0,0,0,0
11051,M24209,M,298.2,308.7,1599,51.85777623169079,130,0,0,0,0,0,0
11052,L53705,L,301.1,310.4,1312,97.68718332030973,172,0,0,0,1,0,0
11053,L53730,L,301.3,310.7,1516,59.578350607427296,257,0,0,0,0,0,0
11054,L49095,L,298.0,307.7,1492,48.660571681057945,324,0,0,0,0,0,0
11055,H33908,H,302.6,310.4,1649,38.63890605642496,194,0,0,0,0,0,0
11056,L49978,L,300.3,309.6,1568,54.3060368608088,220,0,0,0,0,0,0
11057,L55898,L,297.2,308.7,1509,48.74230338153162,203,0,0,0,0,0,0
11058,L56910,L,298.8,310.0,1528,48.85702544531896,254,0,0,0,0,0,0
11059,L53210,L,300.6,310.7,1397,68.62142269396905,220,0,0,0,0,0,0
11060,L48966,L,298.4,308.2,1618,46.42335514550535,179,0,0,0,0,0,0
11061,L52035,L,303.7,312.3,1375,64.69515153343464,235,0,0,0,0,0,0
11062,L55747,L,298.0,308.7,1511,51.783962802793795,225,0,0,0,0,0,0
11063,M21924,M,300.8,310.5,1696,37.234174483204924,268,0,0,0,0,0,0
11064,L51268,L,301.9,310.5,1477,54.577317288601755,231,0,0,0,0,0,0
11065,M21066,M,300.8,310.6,1669,35.08767748758962,182,0,0,0,0,0,0
11066,H33815,H,302.2,310.0,1468,56.04822209141717,160,0,0,0,0,0,0
11067,L48520,L,298.6,310.2,1569,44.20132057480803,116,0,0,0,0,0,0
11068,L48520,L,298.6,310.2,1569,48.73230258520639,124,0,0,0,0,0,0
11069,L56178,L,297.1,308.0,1467,53.64127875634631,307,0,0,0,0,0,0
11070,L51624,L,302.4,310.2,2224,21.122869230257102,270,0,0,0,0,0,0
11071,M21673,M,300.9,310.7,1420,50.53783323192554,245,0,0,0,0,0,0
11072,L48480,L,298.7,309.8,1322,81.59942674249709,281,0,0,0,0,0,0
11073,L52771,L,302.5,312.0,1574,45.344776866154724,171,0,0,0,0,0,0
11074,L51675,L,302.6,310.4,1359,75.46918603783276,170,0,0,1,0,0,0
11075,M22250,M,299.7,310.5,1490,56.88858736830452,242,0,0,0,0,0,0
11076,L48530,L,298.7,310.2,1436,67.16580713457623,124,0,0,0,0,0,0
11077,H35163,H,302.2,311.8,1330,88.98523554147754,172,0,0,0,0,0,0
11078,M16276,M,298.7,309.9,2083,22.321601694351507,318,0,0,0,0,0,0
11079,L47770,L,297.5,309.4,1517,48.96626419697413,364,0,0,0,0,0,0
11080,L50095,L,300.5,309.5,1255,76.62783398222803,249,0,0,0,0,0,0
11081,H37019,H,300.4,311.3,2026,27.97782914407676,154,0,0,0,0,0,0
11082,L51517,L,301.6,309.9,1440,51.39228876362543,239,0,0,0,0,0,0
11083,M17758,M,300.6,309.5,1550,52.41464929396942,222,1,0,0,0,0,0
11084,H37729,H,298.7,309.8,1422,51.85511562698796,212,0,0,0,0,0,0
11085,M21085,M,301.2,311.0,1424,50.06612397904103,260,0,0,0,0,0,0
11086,L48812,L,297.9,307.9,1426,60.5766595637483,183,0,0,0,0,0,0
11087,M23157,M,298.8,310.2,1595,42.01801560340747,159,0,0,0,0,0,0
11088,M19115,M,302.5,311.0,1387,67.96944414301448,223,0,0,0,0,0,0
11089,M23246,M,298.9,309.9,1501,46.042514807350315,165,1,0,0,0,0,0
11090,L53210,L,300.6,310.7,1397,67.80885252356121,229,0,0,0,0,0,0
11091,M18634,M,302.4,311.1,1480,57.04434499352958,291,0,0,0,0,0,0
11092,M22278,M,300.2,311.4,1427,56.00899310815728,292,0,0,0,0,0,0
11093,L47257,L,298.8,308.9,1455,55.924503609424924,352,0,1,0,0,0,0
11094,L48643,L,298.8,310.1,1607,48.356387161325884,219,1,0,0,0,0,0
11095,L53707,L,301.2,310.4,1516,57.157855854255544,190,0,0,0,0,0,0
11096,L51513,L,301.6,309.8,1588,46.468294664214326,206,0,0,0,0,0,0
11097,M18104,M,301.0,309.6,1397,60.38703550554504,265,0,0,0,0,0,0
11098,L48608,L,298.8,309.9,1568,43.995886511713955,104,0,0,0,0,0,0
11099,L48117,L,295.6,306.2,1263,75.19111152926446,144,0,0,0,0,0,0
11100,M19477,M,303.1,311.4,1831,30.17789520151849,251,0,0,0,0,0,0
11101,M17712,M,300.5,309.4,1347,67.12619786901632,332,0,0,0,0,0,0
11102,M22278,M,300.2,311.4,1427,57.395980603990395,303,0,0,0,0,0,0
11103,H38280,H,297.9,308.9,1416,51.583260369757504,170,0,0,0,0,0,0
11104,L50638,L,301.5,310.4,1329,66.62687322648956,118,0,0,0,0,0,0
11105,M23250,M,298.8,309.8,1288,80.25343940192727,201,0,0,0,0,0,0
11106,L50355,L,300.3,309.6,1468,61.3763587635613,310,0,0,0,0,0,0
11107,L55790,L,297.4,308.3,1561,47.98380227630522,115,0,0,0,0,0,0
11108,L49014,L,297.8,307.2,1498,46.6824357716896,300,0,0,0,0,0,0
11109,L56154,L,296.8,307.5,1474,62.097712200409624,227,0,0,0,0,0,0
11110,L56868,L,299.1,310.1,1367,62.03711440620586,175,0,0,0,0,0,0
11111,M15717,M,296.1,307.1,1350,67.31483060580645,117,0,0,0,0,0,0
11112,L56256,L,297.2,308.1,1474,59.026444934624415,268,0,0,0,0,0,0
11113,L53900,L,301.3,310.6,1458,67.642454418147,224,0,0,0,0,0,0
11114,H36945,H,300.1,311.4,1377,72.68300184275094,155,0,0,0,0,0,0
11115,L50243,L,300.0,309.1,1431,57.564247150856005,180,0,0,0,0,0,0
11116,L48731,L,298.4,308.8,1458,50.0342949348447,236,0,0,0,0,0,0
11117,M19632,M,303.6,312.0,1435,49.26231691937486,204,0,0,0,0,0,0
11118,L55122,L,300.8,311.7,1432,54.74424698985846,89,0,0,0,0,0,0
11119,L57061,L,298.8,309.8,1493,49.259293397843216,237,0,0,0,0,0,0
11120,M16463,M,297.8,307.8,1622,41.3826877522391,141,1,0,0,0,0,0
11121,M15648,M,296.9,308.1,1440,67.25411032977124,188,0,0,0,0,0,0
11122,L57149,L,298.4,308.1,1491,73.71601752311352,289,0,0,0,0,0,0
11123,M23008,M,299.5,310.7,1488,50.51777191206765,210,0,0,0,0,0,0
11124,L55978,L,297.3,308.4,1469,51.69069497445725,182,0,0,0,0,0,0
11125,M15257,M,297.4,308.3,1774,36.719235365086654,296,0,0,0,0,0,0
11126,L57061,L,298.8,309.8,1493,47.61598406044232,226,0,0,0,0,0,0
11127,M23821,M,297.3,308.0,1403,56.756089399254165,200,1,0,0,0,0,0
11128,H35709,H,301.1,310.6,1782,33.34646259288399,205,0,0,0,0,0,0
11129,L51266,L,302.0,310.5,1567,49.37961536568162,248,0,0,0,0,0,0
11130,L52006,L,303.4,311.8,2268,21.562961671854033,140,0,0,0,0,0,0
11131,M22420,M,300.3,311.3,1377,74.455655414101,227,0,0,0,0,0,0
11132,M21006,M,301.1,311.1,1470,50.722093160837964,255,0,0,0,0,0,0
11133,M23853,M,297.2,307.9,1632,48.391373558370866,283,0,0,0,0,0,0
11134,L47597,L,297.4,308.4,1394,66.58925739325697,340,1,0,0,0,0,0
11135,L55846,L,297.5,308.7,1407,53.68164005055538,271,0,0,0,0,0,0
11136,L56379,L,297.9,308.8,1613,42.74104734894501,188,0,0,0,0,0,0
11137,L49042,L,297.9,307.7,1517,61.51019305723465,161,0,0,0,0,0,0
11138,M15924,M,296.8,307.9,1409,62.71234671500694,268,0,0,0,0,0,0
11139,M21371,M,301.2,310.1,2280,19.484531957240183,131,0,0,0,0,0,0
11140,M23665,M,297.4,308.6,1469,59.41353727382191,208,0,0,0,0,0,0
11141,H30217,H,296.9,307.8,1549,52.363579038733896,209,0,0,0,0,0,0
11142,L52144,L,303.9,312.7,1602,41.015334870022635,289,0,0,0,0,0,0
11143,M24406,M,299.7,311.2,1560,59.70805146319378,226,0,0,0,0,0,0
11144,M23235,M,298.8,309.6,1384,63.16518800986489,156,0,0,0,0,0,0
11145,L56583,L,297.7,308.1,1697,34.70347848640581,292,0,0,0,0,0,0
11146,L48066,L,295.7,306.2,1458,53.85171755516832,210,1,0,0,0,0,0
11147,M21606,M,301.7,311.1,1578,57.00255841254062,277,0,0,0,0,0,0
11148,L52771,L,302.5,312.0,1574,44.0227363597087,175,0,0,0,0,0,0
11149,L57061,L,298.8,309.8,1493,49.98809768014561,216,0,0,0,0,0,0
11150,M23255,M,298.5,309.5,1483,51.04396706686569,228,1,0,0,0,0,0
11151,L50852,L,302.3,311.6,1658,41.23572323680831,270,0,0,0,0,0,0
11152,L51329,L,301.9,310.4,1603,48.11727303962229,180,0,0,0,0,0,0
11153,M24004,M,297.5,308.5,1447,51.18940610282951,249,0,0,0,0,0,0
11154,L48812,L,297.9,307.9,1426,60.09953100361363,220,0,0,0,0,0,0
11155,M20390,M,302.3,311.8,1355,67.60117685696302,231,0,0,0,0,0,0
11156,H30676,H,297.8,309.2,1648,47.069684208480545,165,0,0,0,0,0,0
11157,L52638,L,303.1,312.6,1514,57.063603396961966,249,1,0,0,0,0,0
11158,L48208,L,296.3,307.4,1472,52.82838383088151,133,0,0,0,0,0,0
11159,H39303,H,298.8,309.6,1516,52.41201155656982,255,0,0,0,0,0,0
11160,L47455,L,298.0,308.0,1401,71.47495083757796,157,0,0,0,0,0,0
11161,L50498,L,301.4,310.4,1436,65.43611090263238,260,0,0,0,0,0,0
11162,M22420,M,300.3,311.3,1377,74.26423427818739,227,0,0,0,0,0,0
11163,L53303,L,300.9,310.9,1477,60.30209284188208,208,0,0,0,0,0,0
11164,L54374,L,300.1,310.1,1380,73.53100208690043,187,0,0,0,0,0,0
11165,L50742,L,301.7,310.6,1471,55.90128575005196,215,1,0,0,0,0,0
11166,H38752,H,298.5,309.0,1531,42.244932739775905,329,0,0,0,0,0,0
11167,L51026,L,302.3,310.9,1403,66.48858108612252,316,0,0,0,0,0,0
11168,L56817,L,299.2,310.3,1463,52.13473220040713,277,0,0,0,0,0,0
11169,L53827,L,301.5,310.5,1927,31.640384364463323,298,0,0,0,0,0,0
11170,L56276,L,297.2,308.1,1712,42.99403336493849,339,0,0,0,0,0,0
11171,M17609,M,299.7,309.2,1685,35.307361131213504,305,0,0,0,0,0,0
11172,L56895,L,299.1,310.1,1373,72.9652870669594,238,0,0,0,0,0,0
11173,L54160,L,300.8,311.3,1505,56.867693058095334,276,0,0,0,0,0,0
11174,L49073,L,297.8,307.5,1631,39.99651643532022,250,0,0,0,0,0,0
11175,L54622,L,300.0,311.5,1601,50.41211482778133,173,0,0,0,0,0,0
11176,L54296,L,301.0,310.5,1601,43.87445374446415,200,0,0,0,0,0,0
11177,L48148,L,295.9,306.7,1547,55.003773718897314,214,0,0,0,0,0,0
11178,M24281,M,298.1,308.5,1382,73.6598108947194,112,0,0,0,0,0,0
11179,H37019,H,300.4,311.3,2026,26.039902281610157,175,0,0,0,0,0,0
11180,L47580,L,297.4,308.5,2100,22.454315595995343,286,0,0,0,0,0,0
11181,L48488,L,298.9,310.1,1750,35.86197563166089,307,0,0,0,0,0,0
11182,L55269,L,300.1,311.3,1676,40.25761435633832,270,0,0,0,0,0,0
11183,M24051,M,297.9,309.0,1970,29.228563086089217,141,1,0,0,0,0,0
11184,M15023,M,298.4,308.2,1468,59.14571783005313,91,0,0,0,0,0,0
11185,M18524,M,302.3,311.7,1685,36.9914512115916,275,0,0,0,0,0,0
11186,L52112,L,303.3,312.1,1418,55.57050806645265,228,0,0,0,0,0,0
11187,L52255,L,304.1,313.2,1366,59.47896062530214,130,0,0,0,0,0,0
11188,L47449,L,298.0,308.0,1524,51.723605530526925,140,0,0,0,0,0,0
11189,M23005,M,299.7,310.9,1685,47.821468960421576,230,0,0,0,0,0,0
11190,L55119,L,300.8,311.8,1417,53.09910037507442,338,0,0,0,0,0,0
11191,L51778,L,303.1,311.2,1399,64.03086022003458,230,0,0,0,0,0,0
11192,L49228,L,299.3,309.2,1465,53.33516079118318,265,0,0,0,0,0,0
11193,L56360,L,297.9,309.1,1507,48.94054738928701,149,0,0,0,0,0,0
11194,H33908,H,302.6,310.4,1649,38.701378329418475,169,0,0,0,0,0,0
11195,L49636,L,299.1,308.6,1555,45.609476105448614,240,0,0,0,0,0,0
11196,M21877,M,300.7,310.6,1474,46.79306316425048,119,0,0,0,0,0,0
11197,L56425,L,298.3,308.9,1708,35.846601711762474,306,0,0,0,0,0,0
11198,L52306,L,304.3,313.5,1802,33.91644414906717,268,0,0,0,0,0,0
11199,M22862,M,300.9,312.1,1851,31.41836105059354,283,0,0,0,0,0,0
11200,L54184,L,300.5,310.6,1950,26.542540729037974,301,0,0,0,0,0,0
11201,M14860,M,298.1,308.6,1551,62.36501470387225,116,0,0,0,0,0,0
11202,L53030,L,301.3,311.1,1560,45.82207217258676,135,0,0,0,0,0,0
11203,L54349,L,300.3,310.2,1492,70.61862577185144,102,0,0,0,0,0,0
11204,L49585,L,299.1,308.7,1498,52.89895967309154,289,0,0,0,0,0,0
11205,M15218,M,297.6,308.3,1467,50.66582569811334,180,0,0,0,0,0,0
11206,L50236,L,300.2,309.2,1667,39.03050506201289,180,0,0,0,0,0,0
11207,H31153,H,298.5,307.9,1260,68.21598984572917,292,0,0,0,0,0,0
11208,H39410,H,298.9,308.4,1632,40.967822907194616,105,0,0,0,0,0,0
11209,L50742,L,301.7,310.6,1471,62.81123319433084,217,1,0,0,0,0,0
11210,H33815,H,302.2,310.0,1468,57.28340566842105,172,0,0,0,0,0,0
11211,M18519,M,302.2,311.5,1734,33.34861771831165,260,0,0,0,0,0,0
11212,L50247,L,300.1,309.2,1533,47.235368627989295,207,0,0,0,0,0,0
11213,L49147,L,297.9,307.6,1589,48.080066297898746,239,0,0,0,0,0,0
11214,M20543,M,302.2,311.6,1592,48.77993726870585,203,0,0,0,0,0,0
11215,L52483,L,303.9,313.2,1481,62.09860957399873,304,0,0,0,0,0,0
11216,L54395,L,299.9,309.8,1477,61.45215754987819,204,0,0,0,0,0,0
11217,L56917,L,298.9,310.0,1791,36.90551627391459,311,0,0,0,0,0,0
11218,M23148,M,298.8,310.6,1640,42.720403138821794,160,0,0,0,0,0,0
11219,M18524,M,302.3,311.7,1685,35.31956708878585,251,0,0,0,0,0,0
11220,M19582,M,303.4,311.8,1391,61.55180343771577,317,0,0,0,0,0,0
11221,L56669,L,298.9,309.7,1407,58.28237674949692,335,1,0,0,0,0,0
11222,H35709,H,301.1,310.6,1782,33.3724754579751,216,0,0,0,0,0,0
11223,L51318,L,301.7,310.2,1311,79.10910150578725,146,1,0,1,0,0,0
11224,L53641,L,300.6,310.0,1505,45.844141066375826,207,0,0,0,0,0,0
11225,M15399,M,297.4,309.3,1775,34.66346610718339,202,0,0,0,0,0,0
11226,M24320,M,298.4,309.2,1399,62.9474566273612,270,0,0,0,0,0,0
11227,M20900,M,300.7,311.1,1438,62.8681146831887,222,0,0,0,0,0,0
11228,M20394,M,302.3,311.7,1494,53.33132325486509,226,0,0,0,0,0,0
11229,L54374,L,300.1,310.1,1380,72.52170873855187,158,0,0,0,0,0,0
11230,L52368,L,304.0,313.2,1632,43.32173920658214,242,0,0,0,0,0,0
11231,M24145,M,298.2,309.0,1410,63.501764630904916,220,0,0,0,0,0,0
11232,M24145,M,298.2,309.0,1410,61.11352575529961,209,0,0,0,0,0,0
11233,M21877,M,300.7,310.6,1474,51.926247088218226,147,0,0,0,0,0,0
11234,L52665,L,302.6,312.1,1344,70.65360343307462,341,0,0,0,0,0,0
11235,L52352,L,304.2,313.4,1740,35.292554584785286,194,0,0,0,0,0,0
11236,L54374,L,300.1,310.1,1380,73.09024612766036,175,0,0,0,0,0,0
11237,L55612,L,298.8,310.0,1537,51.69005375952715,312,1,0,0,0,0,0
11238,L48990,L,298.1,307.6,1364,64.67970028774444,255,0,0,0,0,0,0
11239,L48290,L,296.5,307.4,1292,66.95577632021605,149,0,0,0,0,0,0
11240,L52912,L,302.2,311.7,1412,54.10334129379169,325,0,0,0,0,0,0
11241,L52108,L,303.5,312.3,1584,49.38788709827336,182,0,0,0,0,0,0
11242,L56349,L,297.7,308.8,1896,31.9029970496179,296,0,0,0,0,0,0
11243,L49179,L,298.4,308.0,1540,48.43983983058326,151,0,0,0,0,0,0
11244,L49577,L,299.2,308.6,1582,50.95518398874432,283,0,0,0,0,0,0
11245,H37121,H,300.5,311.4,1679,42.05863906913594,171,0,0,0,0,0,0
11246,M21085,M,301.2,311.0,1424,56.293323360662285,278,0,0,0,0,0,0
11247,H30851,H,298.8,309.9,1439,54.841631874045476,144,0,0,0,0,0,0
11248,H34569,H,304.2,313.3,1625,50.354371095831176,171,0,0,0,0,0,0
11249,L54751,L,300.3,311.1,1606,43.65890234677217,268,0,0,0,0,0,0
11250,H37521,H,300.3,311.9,1390,63.77963167446983,289,0,0,0,0,0,0
11251,L50414,L,300.8,309.4,1489,55.51197991225456,232,0,0,0,0,0,0
11252,L49426,L,299.3,308.4,1406,54.66086274731236,116,0,0,0,0,0,0
11253,M15666,M,297.0,307.9,1422,69.19003623211212,259,0,0,0,0,0,0
11254,L55548,L,298.9,309.8,1534,58.512147879012815,113,0,0,0,0,0,0
11255,L49523,L,299.1,308.3,1305,73.66528875766546,162,0,0,0,0,0,0
11256,M24119,M,298.2,309.0,1694,35.74079976178936,111,0,0,0,0,0,0
11257,H30851,H,298.8,309.9,1439,57.10873371147348,160,0,0,0,0,0,0
11258,L51318,L,301.7,310.2,1311,78.50662667232862,135,1,0,1,0,0,0
11259,L55223,L,300.7,311.9,1486,44.91418137362169,135,0,0,0,0,0,0
11260,L56669,L,298.9,309.7,1407,52.790695509476166,317,1,0,0,0,0,0
11261,L52653,L,302.7,312.2,1369,75.99476249234814,266,0,0,0,0,0,0
11262,L48574,L,299.1,310.4,1527,56.86439175937935,264,0,0,0,0,0,0
11263,L50677,L,301.9,311.0,1642,39.36558154734393,228,0,0,0,0,0,0
11264,L53966,L,301.2,310.6,1409,68.97271490691742,188,0,0,0,0,0,0
11265,M19497,M,303.1,311.3,1847,31.135602981711923,325,0,0,0,0,0,0
11266,M17655,M,300.3,309.5,1405,71.463698289344,176,0,0,0,0,0,0
11267,M19544,M,303.6,311.8,1421,53.73671440066174,220,0,0,0,0,0,0
11268,L48770,L,298.2,308.4,1497,47.94729162857624,341,0,0,0,0,0,0
11269,H38752,H,298.5,309.0,1531,41.08792954576675,340,0,0,0,0,0,0
11270,M21997,M,300.6,310.0,1486,56.025745278225735,223,0,0,0,0,0,0
11271,L54395,L,299.9,309.8,1477,62.57917768429257,205,0,0,0,0,0,0
11272,L50064,L,300.6,309.6,1409,58.813050617678016,195,0,0,0,0,0,0
11273,M21663,M,301.1,310.7,1367,58.07714919406366,230,0,0,0,0,0,0
11274,M20939,M,300.8,310.7,1371,58.592003503140205,350,0,0,0,0,0,0
11275,L55800,L,297.6,308.5,1475,53.14072523586631,139,0,0,0,0,0,0
11276,L54642,L,300.0,311.3,1703,37.9267088419716,192,0,0,0,0,0,0
11277,L49053,L,298.4,308.1,1367,84.5063849421505,222,0,0,0,0,0,0
11278,L50651,L,301.8,310.7,1441,65.92451822082367,182,0,0,0,0,0,0
11279,L51765,L,302.8,311.1,1563,39.07682959028641,173,0,0,0,0,0,0
11280,L50781,L,301.7,310.5,1377,55.68606658706378,310,0,0,0,0,0,0
11281,L50966,L,302.3,310.9,1587,51.760312371777324,145,0,0,0,0,0,0
11282,L55859,L,297.3,308.5,1456,69.92779529951706,288,0,0,0,0,0,0
11283,M18129,M,301.3,310.0,1696,43.32203053243217,335,0,0,0,0,0,0
11284,L49148,L,298.0,307.6,1281,69.17250187805946,228,0,0,0,0,0,0
11285,L50236,L,300.2,309.2,1667,39.01967119677813,178,0,0,0,0,0,0
11286,L50591,L,301.3,310.3,1419,78.36556325666272,260,0,0,0,0,0,0
11287,M21360,M,300.9,310.0,1416,63.206182075826945,301,0,0,0,0,0,0
11288,M15958,M,296.9,307.4,1521,45.58711030108248,161,0,0,0,0,0,0
11289,M17080,M,299.6,309.0,1736,33.12919743974394,248,0,0,0,0,0,0
11290,L53641,L,300.6,310.0,1505,49.537888675238015,188,0,0,0,0,0,0
11291,L56124,L,297.3,308.3,1471,52.39483583001275,175,0,0,0,0,0,0
11292,H31528,H,299.4,309.1,1373,60.522711346326304,205,0,0,0,0,0,0
11293,L51241,L,301.9,310.8,1906,28.24309192074424,210,0,0,0,0,0,0
11294,L51439,L,302.7,311.2,1545,45.41328513957034,227,0,0,0,0,0,0
11295,L51228,L,301.9,311.0,2691,14.487906569325665,121,0,0,0,1,0,0
11296,M22789,M,300.6,311.6,1669,39.42358679381395,319,0,0,0,0,0,0
11297,L53134,L,300.8,310.9,1732,28.485598884118232,225,0,0,0,0,0,0
11298,M18087,M,300.5,309.3,1589,46.92071494283941,207,0,0,0,0,0,0
11299,L53272,L,300.9,310.7,1658,35.201692563186896,143,0,0,0,0,0,0
11300,L49344,L,299.6,309.2,1540,47.36892803347353,313,0,0,0,0,0,0
11301,H31496,H,299.4,309.2,1513,45.22139801986614,320,0,0,0,0,0,0
11302,M22420,M,300.3,311.3,1377,73.71024514353611,249,0,0,0,0,0,0
11303,L56425,L,298.3,308.9,1708,35.92220545729207,322,0,0,0,0,0,0
11304,L49344,L,299.6,309.2,1540,48.43862573611684,313,0,0,0,0,0,0
11305,L55223,L,300.7,311.9,1486,45.393214800864335,134,0,0,0,0,0,0
11306,L51836,L,303.1,311.2,1626,41.73541657187993,156,0,0,0,0,0,0
11307,L53210,L,300.6,310.7,1397,69.86911814593259,210,0,0,0,0,0,0
11308,M20853,M,300.7,310.6,1407,53.95749251367042,330,0,0,0,0,0,0
11309,M23951,M,297.2,308.0,1765,43.15638257351443,308,0,0,0,0,0,0
11310,L55846,L,297.5,308.7,1407,54.277467145568586,297,0,0,0,0,0,0
11311,L49128,L,298.1,308.1,1410,60.771207714484056,159,0,0,0,0,0,0
11312,L54729,L,300.3,311.4,1544,57.01355537009546,202,0,0,0,0,0,0
11313,L47875,L,297.6,309.0,1487,61.78542276974057,191,0,0,0,0,0,0
11314,L48876,L,297.9,307.6,1550,52.41069348898803,132,0,0,0,0,0,0
11315,H31153,H,298.5,307.9,1260,75.45174627383588,271,0,0,0,0,0,0
11316,L50463,L,301.2,309.9,1449,64.58531854219409,121,0,0,0,0,0,0
11317,L49045,L,297.9,307.7,1567,42.65157886258478,219,0,0,0,0,0,0
11318,L55640,L,298.7,309.9,1372,71.4655771708465,164,0,0,0,0,0,0
11319,L53623,L,300.8,310.3,1537,44.14897778608114,172,0,0,0,0,0,0
11320,L50381,L,300.2,309.1,1479,63.385366483319615,135,0,0,0,0,0,0
11321,L56669,L,298.9,309.7,1407,55.598638796445215,344,1,0,0,0,0,0
11322,M21417,M,301.5,310.6,1638,42.16886487595011,244,0,0,0,0,0,0
11323,L47581,L,297.5,308.5,1722,40.755632028340884,283,0,0,0,0,0,0
11324,L52328,L,304.4,313.6,1507,56.63292249649563,152,1,0,0,0,0,0
11325,L48812,L,297.9,307.9,1426,56.65193738845939,184,0,0,0,0,0,0
11326,M15399,M,297.4,309.3,1775,36.628152942416854,214,0,0,0,0,0,0
11327,L47809,L,298.3,310.1,1523,63.7577333064996,229,0,0,0,0,0,0
11328,L51624,L,302.4,310.2,2224,22.202796925533754,252,0,0,0,0,0,0
11329,L47437,L,298.0,308.0,1615,39.09913482911502,147,1,0,0,0,0,0
11330,L52222,L,304.1,313.2,1569,48.34273736577834,243,0,0,0,0,0,0
11331,M18317,M,301.5,310.4,2639,14.327404644910938,172,0,0,0,1,0,0
11332,L50498,L,301.4,310.4,1436,66.81421965272193,237,0,0,0,0,0,0
11333,M14860,M,298.1,308.6,1551,57.58605593968393,124,0,0,0,0,0,0
11334,L55117,L,300.8,311.7,1578,41.63215576942027,364,1,0,0,0,0,0
11335,L55548,L,298.9,309.8,1534,56.36874645599246,137,0,0,0,0,0,0
11336,L53605,L,300.3,309.9,1393,72.30851934360855,139,0,0,0,0,0,0
11337,M21006,M,301.1,311.1,1470,46.99456096124074,281,0,0,0,0,0,0
11338,L49760,L,299.3,309.1,1293,62.39939550874822,319,0,0,0,0,0,0
11339,M23821,M,297.3,308.0,1403,52.5813453557032,175,1,0,0,0,0,0
11340,L50237,L,300.1,309.1,1400,65.24719256067978,226,0,0,0,0,0,0
11341,L53898,L,301.4,310.6,2137,22.04062415495372,237,0,0,0,0,0,0
11342,M18468,M,301.7,310.8,1954,25.86548322033793,344,0,0,0,0,0,0
11343,M21066,M,300.8,310.6,1669,35.25078693311416,218,0,0,0,0,0,0
11344,L47522,L,297.4,308.2,1471,62.37133290463348,168,0,0,0,0,0,0
11345,L50498,L,301.4,310.4,1436,68.62050024411157,264,0,0,0,0,0,0
11346,M18599,M,302.2,311.2,1663,38.06789391040872,222,0,0,0,0,0,0
11347,M23093,M,299.1,310.6,1449,64.38661560282964,175,1,0,0,0,0,0
11348,H35028,H,303.0,312.2,1624,34.66454463996279,224,0,0,0,0,0,0
11349,L53104,L,300.3,310.2,1369,65.3368917019339,156,0,0,0,0,0,0
11350,L54751,L,300.3,311.1,1606,37.744435014293686,270,0,0,0,0,0,0
11351,L50644,L,301.7,310.6,1303,73.56648006459919,161,0,0,0,0,0,0
11352,L49128,L,298.1,308.1,1410,56.760689569013216,154,0,0,0,0,0,0
11353,H38752,H,298.5,309.0,1531,44.660266885564994,341,0,0,0,0,0,0
11354,M20111,M,303.4,312.9,1307,64.00118383239351,163,0,0,0,0,0,0
11355,L56838,L,299.0,309.9,1548,47.07368153020772,306,0,0,0,0,0,0
11356,L54296,L,301.0,310.5,1601,41.7551607188597,187,0,0,0,0,0,0
11357,M17624,M,299.9,309.3,1389,74.8084566564116,134,0,0,0,0,0,0
11358,L51241,L,301.9,310.8,1906,29.025748083669157,219,0,0,0,0,0,0
11359,L48544,L,298.7,310.2,1566,43.368121262093105,211,0,0,0,0,0,0
11360,H37294,H,300.7,312.4,1457,66.8159177738247,203,0,0,0,0,0,0
11361,L48520,L,298.6,310.2,1569,50.42417474169763,135,0,0,0,0,0,0
11362,L49009,L,297.8,307.2,1880,28.981976793183254,290,0,0,0,0,0,0
11363,L49322,L,299.3,308.9,1376,84.52303327543332,270,0,0,0,0,0,0
11364,M18431,M,301.7,310.6,1691,35.56655366896415,235,0,0,0,0,0,0
11365,M19873,M,303.8,312.9,1594,46.74731569350364,190,0,0,0,0,0,0
11366,L50414,L,300.8,309.4,1489,52.033479784151034,231,0,0,0,0,0,0
11367,L50821,L,302.3,311.6,1488,56.40325739254688,198,0,0,0,0,0,0
11368,L56368,L,297.9,309.0,1502,55.96858394972462,169,1,0,0,0,0,0
11369,L50498,L,301.4,310.4,1436,63.001904868109705,232,0,0,0,0,0,0
11370,L55751,L,297.9,308.6,2262,20.12278018876986,270,0,0,0,0,0,0
11371,M19497,M,303.1,311.3,1847,32.31079067698644,321,0,0,0,0,0,0
11372,L55650,L,298.7,309.9,1464,50.20074701250936,225,0,0,0,0,0,0
11373,L47396,L,298.3,308.6,1499,53.19873849412461,262,0,0,0,0,0,0
11374,L54027,L,301.2,311.4,1757,42.68172925377498,112,0,0,0,0,0,0
11375,H32781,H,301.5,310.7,1790,37.9076136734198,123,0,0,0,0,0,0
11376,H32164,H,299.7,309.2,1456,55.410736294713345,264,0,0,0,0,0,0
11377,L51329,L,301.9,310.4,1603,49.79217298145317,149,0,0,0,0,0,0
11378,L48916,L,298.4,307.9,1544,50.581213688628814,256,0,0,0,0,0,0
11379,L50873,L,302.1,311.3,1521,36.20715367304584,287,0,0,0,0,0,0
11380,H33908,H,302.6,310.4,1649,39.529058509713934,171,0,0,0,0,0,0
11381,L51228,L,301.9,311.0,2691,16.31716220287002,147,0,0,0,1,0,0
11382,L52699,L,302.5,311.9,1452,60.77929414784279,200,0,0,0,0,0,0
11383,L48290,L,296.5,307.4,1292,66.27567890734055,168,0,0,0,0,0,0
11384,M23035,M,299.9,311.3,1445,52.52234015098799,313,0,0,0,0,0,0
11385,L51624,L,302.4,310.2,2224,20.882577094741592,254,0,0,0,0,0,0
11386,L51342,L,302.0,310.4,1591,40.88951559374563,238,0,0,0,0,0,0
11387,L53966,L,301.2,310.6,1409,63.13155391731581,191,0,0,0,0,0,0
11388,H34970,H,302.5,312.0,1357,49.00586500573966,307,0,0,0,0,0,0
11389,M22765,M,300.8,312.4,1465,52.31799628325032,265,0,0,0,0,0,0
11390,L52023,L,303.3,311.8,1842,33.199080537366925,154,0,0,0,0,0,0
11391,L50237,L,300.1,309.1,1400,61.393493535099644,164,1,0,0,0,0,0
11392,L51090,L,302.4,311.4,1831,37.974445972832115,238,0,0,0,0,0,0
11393,M18294,M,301.5,310.5,1412,56.00061494810442,299,1,0,0,0,0,0
11394,L56910,L,298.8,310.0,1528,55.963737305465386,274,0,0,0,0,0,0
11395,L48153,L,295.9,306.6,1679,44.75953934551634,250,0,0,0,0,0,0
11396,L48066,L,295.7,306.2,1458,51.20530406396421,213,1,0,0,0,0,0
11397,L50524,L,301.4,310.7,1706,32.06845711568593,303,0,0,0,0,0,0
11398,L56884,L,298.9,310.1,1577,62.82764875161221,169,0,0,0,0,0,0
11399,M23008,M,299.5,310.7,1488,50.05052850820525,188,0,0,0,0,0,0
11400,L55751,L,297.9,308.6,2262,20.342624067202536,279,0,0,0,0,0,0
11401,L47875,L,297.6,309.0,1487,64.82988511341534,204,0,0,0,0,0,0
11402,L53292,L,300.7,310.8,1925,29.997466456381428,207,0,0,0,0,0,0
11403,L51241,L,301.9,310.8,1906,30.444120271778562,186,0,0,0,0,0,0
11404,L56667,L,298.9,309.6,1583,48.71948839835999,326,0,0,0,0,0,0
11405,L52108,L,303.5,312.3,1584,54.54476180938513,191,0,0,0,0,0,0
11406,L54137,L,300.7,311.1,1324,70.4667608317582,176,0,0,0,0,0,0
11407,L48530,L,298.7,310.2,1436,65.57231180185823,133,0,0,0,0,0,0
11408,L56838,L,299.0,309.9,1548,49.11132045630616,327,0,0,0,0,0,0
11409,M24818,M,298.1,307.8,1525,45.01825982172941,261,0,0,0,0,0,0
11410,M24229,M,297.7,308.3,1547,49.306416861155455,178,0,0,0,0,0,0
11411,H37545,H,299.9,311.2,1364,68.06878171373691,177,0,0,0,0,0,0
11412,M20326,M,302.9,312.3,1426,62.38965829010588,283,0,0,0,0,0,0
11413,H32164,H,299.7,309.2,1456,51.52880794215706,285,0,0,0,0,0,0
11414,M18468,M,301.7,310.8,1954,22.96221804348287,311,0,0,0,0,0,0
11415,M23824,M,297.2,307.9,1456,58.57040520722742,198,1,0,0,0,0,0
11416,L50314,L,300.2,309.6,1359,61.663025829668854,182,0,0,0,0,0,0
11417,M18347,M,301.8,310.8,1508,50.816454994314114,222,0,0,0,0,0,0
11418,L51173,L,302.3,311.3,1324,60.94396315400226,265,0,0,0,0,0,0
11419,M19582,M,303.4,311.8,1391,66.36626484737916,287,0,0,0,0,0,0
11420,H32781,H,301.5,310.7,1790,36.51374308725978,137,0,0,0,0,0,0
11421,M23255,M,298.5,309.5,1483,52.80677492344564,215,1,0,0,0,0,0
11422,M17731,M,300.7,309.6,1536,49.80550601161285,136,0,0,0,0,0,0
11423,L51854,L,303.4,311.5,1414,57.57167760263391,196,0,0,0,0,0,0
11424,M24119,M,298.2,309.0,1694,34.58629145125337,109,0,0,0,0,0,0
11425,L50661,L,302.0,310.9,1663,43.4856228855403,200,0,0,0,0,0,0
11426,M17596,M,299.7,309.1,1576,45.18502220186946,238,1,0,0,0,0,0
11427,L54160,L,300.8,311.3,1505,55.73589069510584,255,0,0,0,0,0,0
11428,M22452,M,300.5,311.2,1551,44.99720133350259,317,0,0,0,0,0,0
11429,L52052,L,303.7,312.4,1316,70.8674141661508,267,0,0,0,0,0,0
11430,L52534,L,303.4,312.6,1462,49.91722507678747,232,0,0,0,0,0,0
11431,M17731,M,300.7,309.6,1536,49.88193249483432,147,0,0,0,0,0,0
11432,L54374,L,300.1,310.1,1380,73.53431683743452,182,0,0,0,0,0,0
11433,L51257,L,302.0,310.5,1635,51.60023478601156,227,0,0,0,0,0,0
11434,L56838,L,299.0,309.9,1548,42.383607069297504,353,0,0,0,0,0,0
11435,H35709,H,301.1,310.6,1782,33.38006588257309,219,0,0,0,0,0,0
11436,L56344,L,297.6,308.6,2384,18.75206488598586,288,0,0,0,0,0,0
11437,H30676,H,297.8,309.2,1648,47.99384832561012,144,0,0,0,0,0,0
11438,L52328,L,304.4,313.6,1507,55.66189521429506,121,1,0,0,0,0,0
11439,L53413,L,301.2,310.9,1467,53.04707493153802,282,1,0,0,0,0,0
11440,L50005,L,300.3,309.4,1470,49.737604889358686,273,0,0,0,0,0,0
11441,M16276,M,298.7,309.9,2083,22.81982595368597,335,0,0,0,0,0,0
11442,L52442,L,303.4,312.8,1449,58.28354466919287,187,0,0,0,0,0,0
11443,M18431,M,301.7,310.6,1691,36.49439683923527,252,0,0,0,0,0,0
11444,M24406,M,299.7,311.2,1560,64.61630269151175,217,0,0,0,0,0,0
11445,M18104,M,301.0,309.6,1397,68.52147502029149,283,0,0,0,0,0,0
11446,L54248,L,300.8,310.7,1461,54.998111017945895,306,0,0,0,0,0,0
11447,M21371,M,301.2,310.1,2280,19.522082992619993,139,0,0,0,0,0,0
11448,L55541,L,298.6,309.5,1450,61.89580980591594,111,1,0,0,0,0,0
11449,L55273,L,300.2,311.6,1511,46.896993874236685,272,0,0,0,0,0,0
11450,L48544,L,298.7,310.2,1566,40.88040333450087,201,0,0,0,0,0,0
11451,M18294,M,301.5,310.5,1412,55.143053155728076,275,1,0,0,0,0,0
11452,L56322,L,297.6,308.5,1678,50.22540441324936,270,0,0,0,0,0,0
11453,L52122,L,303.5,312.6,1602,41.86088757024668,218,0,0,0,0,0,0
11454,M18129,M,301.3,310.0,1696,45.60245500165795,329,0,0,0,0,0,0
11455,L50236,L,300.2,309.2,1667,40.519340781313005,191,0,0,0,0,0,0
11456,L52352,L,304.2,313.4,1740,41.29960958487123,187,0,0,0,0,0,0
11457,L51257,L,302.0,310.5,1635,50.9703120671722,196,0,0,0,0,0,0
11458,L55788,L,297.4,308.4,1369,64.09913718752561,349,0,0,0,0,1,0
11459,L54159,L,300.9,311.2,1353,72.62554392901369,278,0,0,0,0,0,0
11460,H34318,H,303.6,312.4,1480,62.584437666195015,105,0,0,0,0,0,0
11461,L48050,L,295.8,306.4,1325,72.57532481345227,192,0,0,0,0,0,0
11462,M16711,M,297.7,307.3,1365,59.17068944054537,145,0,0,0,0,0,0
11463,L55117,L,300.8,311.7,1578,43.955785736705494,358,1,0,0,0,0,0
11464,H38675,H,298.3,309.0,1470,46.224483037547735,128,0,0,0,0,0,0
11465,L50243,L,300.0,309.1,1431,51.645735246622365,186,0,0,0,0,0,0
11466,H37657,H,299.1,310.4,1369,77.17428387537736,228,0,0,0,0,0,0
11467,H34970,H,302.5,312.0,1357,52.92972495934703,311,0,0,0,0,0,0
11468,L48480,L,298.7,309.8,1322,87.01513458262163,264,0,0,0,0,0,0
11469,M15666,M,297.0,307.9,1422,68.91047922897057,241,0,0,0,0,0,0
11470,L55612,L,298.8,310.0,1537,53.403950623637336,336,1,0,0,0,0,0
11471,M22511,M,300.4,311.5,1476,45.461185019321064,269,0,0,0,0,0,0
11472,L48544,L,298.7,310.2,1566,45.79650687482094,188,0,0,0,0,0,0
11473,L51759,L,303.0,311.2,1374,57.53819806555721,192,0,0,1,0,0,0
11474,L50064,L,300.6,309.6,1409,51.71405110321954,185,0,0,0,0,0,0
11475,H32168,H,299.6,309.1,1630,40.60974768852096,314,0,0,0,0,0,0
11476,L51359,L,302.4,310.9,1349,67.45925934083682,242,0,0,1,0,0,0
11477,L49042,L,297.9,307.7,1517,60.114589071070036,187,0,0,0,0,0,0
11478,L55123,L,300.8,311.7,1753,36.978161541956844,119,0,0,0,0,0,0
11479,L54729,L,300.3,311.4,1544,58.62893085421525,211,0,0,0,0,0,0
11480,L47597,L,297.4,308.4,1394,61.15230780249986,333,1,0,0,0,0,0
11481,M18294,M,301.5,310.5,1412,60.61090571360334,308,1,0,0,0,0,0
11482,L49714,L,298.9,308.7,1729,36.074565849719704,213,0,0,0,0,0,0
11483,L48148,L,295.9,306.7,1547,52.85654921227978,248,0,0,0,0,0,0
11484,L50447,L,301.3,310.0,1550,56.00632598489513,304,0,0,0,0,0,0
11485,L54064,L,300.8,311.2,1492,55.75364669141506,207,0,0,0,0,0,0
11486,L51429,L,302.5,310.9,1330,83.60563886023684,195,0,0,1,0,0,0
11487,L50243,L,300.0,309.1,1431,57.80701407896013,191,0,0,0,0,0,0
11488,H30151,H,296.9,308.3,1474,50.99666486348988,329,0,0,0,0,0,0
11489,L52108,L,303.5,312.3,1584,49.29822776492663,164,0,0,0,0,0,0
11490,M21028,M,300.7,310.6,1778,32.35817918555072,334,0,0,0,0,0,0
11491,L47646,L,297.2,308.5,1550,57.92171349025045,245,0,0,0,0,0,0
11492,L49636,L,299.1,308.6,1555,47.30792845550113,238,0,0,0,0,0,0
11493,M15556,M,297.6,309.0,1815,31.209659731007413,172,0,0,0,0,0,0
11494,L48071,L,295.7,306.1,1408,62.44983420911018,254,0,0,0,0,0,0
11495,M21028,M,300.7,310.6,1778,34.710511639319066,303,0,0,0,0,0,0
11496,M16276,M,298.7,309.9,2083,22.791864518325873,327,0,0,0,0,0,0
11497,L51461,L,302.0,310.0,1832,28.536945585951088,316,0,0,0,0,0,0
11498,H35709,H,301.1,310.6,1782,32.541658167743535,213,0,0,0,0,0,0
11499,M16552,M,298.1,307.6,1764,31.531296046645163,154,0,0,0,0,0,0
11500,H30046,H,298.3,310.0,1419,65.75912012507109,201,1,0,0,0,0,0
11501,H34199,H,303.9,312.7,1401,65.41113186580257,226,1,0,0,0,0,0
11502,L51615,L,302.3,310.1,1321,61.29799807090301,253,0,0,1,0,0,0
11503,M20853,M,300.7,310.6,1407,57.153991264687605,354,0,0,0,0,0,0
11504,M17690,M,300.4,309.3,1411,56.585168344686,266,0,0,0,0,0,0
11505,L50207,L,300.5,309.5,1777,30.453191178040193,105,1,0,0,0,0,0
11506,M19955,M,304.1,313.5,1428,49.811277206993054,217,0,0,0,0,0,0
11507,L51026,L,302.3,310.9,1403,64.17266831583504,310,0,0,0,0,0,0
11508,H39410,H,298.9,308.4,1632,43.9993547935671,132,0,0,0,0,0,0
11509,H31956,H,299.2,308.9,1712,35.7792898533923,204,0,0,0,0,0,0
11510,M21460,M,301.5,310.6,1424,67.3505654867732,147,0,0,0,0,0,0
11511,M23148,M,298.8,310.6,1640,43.49044737839535,153,0,0,0,0,0,0
11512,M21877,M,300.7,310.6,1474,49.151497553641924,185,0,0,0,0,0,0
11513,L49511,L,299.3,308.6,1384,68.39846730427233,360,0,0,0,0,1,0
11514,L56944,L,298.5,309.5,1294,85.30298530541569,122,0,0,0,1,0,0
11515,L48150,L,295.8,306.5,1568,48.50348819542158,213,0,0,0,0,0,0
11516,M21856,M,300.5,310.6,1621,46.637018448679065,303,0,0,0,0,0,0
11517,M17499,M,299.8,309.4,1412,63.39379644668096,248,0,0,0,0,0,0
11518,M19695,M,303.4,311.9,1419,63.55916151284112,140,0,0,0,0,0,0
11519,L48731,L,298.4,308.8,1458,50.06193347215964,241,0,0,0,0,0,0
11520,M17690,M,300.4,309.3,1411,48.87434235367223,278,0,0,0,0,0,0
11521,H30217,H,296.9,307.8,1549,51.96926868440515,212,0,0,0,0,0,0
11522,M23821,M,297.3,308.0,1403,56.12459561644938,168,1,0,0,0,0,0
11523,L53542,L,300.0,309.6,1738,36.162216059396414,181,0,0,0,0,0,0
11524,L55142,L,301.0,312.2,1372,59.1108103108472,144,0,0,0,0,0,0
11525,L49179,L,298.4,308.0,1540,50.23405914192711,130,0,0,0,0,0,0
11526,M22927,M,300.6,312.0,1490,52.56771628789531,223,0,0,0,0,0,0
11527,L48890,L,298.2,307.8,1530,50.175880111759575,209,0,0,0,0,0,0
11528,M15345,M,297.4,309.0,1685,36.383017953459394,292,0,0,0,0,0,0
11529,L48071,L,295.7,306.1,1408,63.647347830119536,233,0,0,0,0,0,0
11530,L50591,L,301.3,310.3,1419,83.81264082158752,230,0,0,0,0,0,0
11531,M20543,M,302.2,311.6,1592,48.214752725661654,193,0,0,0,0,0,0
11532,M15674,M,296.8,307.5,1470,65.84048126070383,222,0,0,0,0,0,0
11533,L52638,L,303.1,312.6,1514,56.03944334140066,253,1,0,0,0,0,0
11534,M23246,M,298.9,309.9,1501,47.13669023718399,157,1,0,0,0,0,0
11535,L54403,L,299.8,309.6,1374,59.64587299212658,247,0,0,0,0,0,0
11536,M24051,M,297.9,309.0,1970,25.56663289508417,122,1,0,0,0,0,0
11537,L50414,L,300.8,309.4,1489,49.38083404477861,191,0,0,0,0,0,0
11538,L49387,L,299.8,309.2,1591,46.61281941137535,249,0,0,0,0,0,0
11539,L50638,L,301.5,310.4,1329,59.7981233135833,114,0,0,0,0,0,0
11540,L51235,L,302.0,311.0,1865,31.48990371354323,176,0,0,0,0,0,0
11541,M18524,M,302.3,311.7,1685,38.907066130125074,277,0,0,0,0,0,0
11542,L50742,L,301.7,310.6,1471,56.640189169403286,225,1,0,0,0,0,0
11543,H32164,H,299.7,309.2,1456,48.62279231942513,291,0,0,0,0,0,0
11544,H34569,H,304.2,313.3,1625,49.21057892252825,160,0,0,0,0,0,0
11545,M24097,M,298.1,308.8,1811,31.374434247602416,240,0,0,0,0,0,0
11546,L50442,L,301.3,310.1,1558,49.38555032068399,312,0,0,0,0,0,0
11547,L49511,L,299.3,308.6,1384,67.03944811212372,367,0,0,0,0,1,0
11548,L51708,L,302.5,310.5,1507,52.053658152112064,259,0,0,0,0,0,0
11549,L52306,L,304.3,313.5,1802,33.538307746323845,289,0,0,0,0,0,0
11550,L48520,L,298.6,310.2,1569,44.81279769031891,143,0,0,0,0,0,0
11551,L51562,L,301.8,309.5,1525,50.366783914690885,343,0,0,0,0,0,0
11552,M24119,M,298.2,309.0,1694,33.72729902688211,88,0,0,0,0,0,0
11553,H34569,H,304.2,313.3,1625,48.31419567954661,184,0,0,0,0,0,0
11554,L51359,L,302.4,310.9,1349,59.562590344156284,256,0,0,1,0,0,0
11555,H34611,H,303.8,312.9,1570,43.839433128968345,247,0,0,0,0,0,0
11556,L56771,L,299.2,310.4,1570,46.763320862174425,145,0,0,0,0,0,0
11557,L52125,L,303.6,312.7,1418,58.38794987792469,263,1,0,0,0,0,0
11558,L55004,L,299.9,311.3,1535,50.86649883973502,263,0,0,0,0,0,0
11559,L54622,L,300.0,311.5,1601,52.71332179363115,186,0,0,0,0,0,0
11560,L51318,L,301.7,310.2,1311,83.96882239538817,164,1,0,1,0,0,0
11561,L47581,L,297.5,308.5,1722,41.646466800977564,300,0,0,0,0,0,0
11562,L55123,L,300.8,311.7,1753,40.845931823286776,131,0,0,0,0,0,0
11563,L48722,L,298.3,308.9,1379,72.467625474433,201,0,0,0,0,0,0
11564,L48501,L,298.9,310.2,1362,60.281727946538396,285,0,0,0,0,0,0
11565,M21006,M,301.1,311.1,1470,53.203512097015654,265,0,0,0,0,0,0
11566,L54537,L,299.6,310.1,1487,59.82554533610544,154,0,0,0,0,0,0
11567,M22628,M,300.2,311.4,1960,25.090715705649735,110,0,0,0,0,0,0
11568,L50562,L,301.3,310.6,1510,47.66757272024706,157,0,0,0,0,0,0
11569,L52144,L,303.9,312.7,1602,44.55871322549022,274,0,0,0,0,0,0
11570,L56178,L,297.1,308.0,1467,52.357900985997404,277,0,0,0,0,0,0
11571,M24510,M,299.1,310.0,1437,54.85678649476325,344,1,0,0,0,0,0
11572,M17283,M,298.9,308.2,2022,26.54811294497723,153,0,0,0,0,0,0
11573,M20244,M,302.9,312.4,1421,62.10392603441579,300,0,0,0,0,0,0
11574,L52125,L,303.6,312.7,1418,55.88487920046309,256,1,0,0,0,0,0
11575,M20160,M,303.8,313.2,1710,36.03213566664592,342,0,0,0,0,0,0
11576,L53373,L,301.0,310.9,1578,51.3269524472453,155,0,0,0,0,0,0
11577,L51562,L,301.8,309.5,1525,52.279612804610515,335,0,0,0,0,0,0
11578,L49095,L,298.0,307.7,1492,49.23675746106145,321,0,0,0,0,0,0
11579,L54137,L,300.7,311.1,1324,70.52041863428184,196,0,0,0,0,0,0
11580,L49858,L,299.8,309.6,1447,58.23176342757316,113,1,0,0,0,0,0
11581,L47307,L,298.9,308.6,1413,56.336660857583894,226,0,0,0,0,0,0
11582,M22230,M,299.6,310.1,1455,68.34390338928785,167,0,0,0,0,0,0
11583,L47437,L,298.0,308.0,1615,38.66391960797733,119,1,0,0,0,0,0
11584,M18634,M,302.4,311.1,1480,62.71222756441815,313,0,0,0,0,0,0
11585,M15958,M,296.9,307.4,1521,44.56619360587834,160,0,0,0,0,0,0
11586,M22862,M,300.9,312.1,1851,30.01870767380688,256,0,0,0,0,0,0
11587,M20257,M,302.8,312.3,1416,57.509493270240384,342,0,0,0,0,0,0
11588,M21877,M,300.7,310.6,1474,51.11202900660957,163,0,0,0,0,0,0
11589,L56322,L,297.6,308.5,1678,44.64459877579444,232,0,0,0,0,0,0
11590,L48765,L,298.2,308.3,1400,58.924564147793866,278,0,0,0,0,0,0
11591,L50644,L,301.7,310.6,1303,79.42195945966506,190,0,0,0,0,0,0
11592,M24596,M,298.9,310.0,1348,79.74853580007374,291,0,0,0,0,0,0
11593,H34611,H,303.8,312.9,1570,42.58280596979746,275,0,0,0,0,0,0
11594,L55598,L,298.9,310.2,1971,30.9294673485564,279,0,0,0,0,0,0
11595,H35163,H,302.2,311.8,1330,99.4954371869897,177,0,0,0,0,0,0
11596,L50498,L,301.4,310.4,1436,68.42866716291482,260,0,0,0,0,0,0
11597,L51090,L,302.4,311.4,1831,37.84689394394082,262,0,0,0,0,0,0
11598,L50661,L,302.0,310.9,1663,44.131691551608384,190,0,0,0,0,0,0
11599,L49800,L,299.4,309.2,1556,44.992515689548135,210,0,0,0,0,0,0
11600,H31393,H,298.0,307.6,1420,53.14796869321027,256,0,0,0,0,0,0
